<?xml version="1.0" encoding="UTF-8"?>
<beans xmlns="http://www.springframework.org/schema/beans"
	xmlns:xsi="http://www.w3.org/2001/XMLSchema-instance"
	xsi:schemaLocation="http://www.springframework.org/schema/beans 
	http://www.springframework.org/schema/beans/spring-beans.xsd">
	
	<bean id="clientsDao" class="com.calevdeviseor.mvc.dao.Impl.ClientsDaoImpl"/>
	<bean id="clientService" class="com.calevdeviseor.mvc.services.Impl.ClientsServiceImpl">
     <property name="dao" ref="clientsDao" />
    </bean>
    
    <bean id="lingotDao" class="com.calevdeviseor.mvc.dao.Impl.LingotDaoImpl"/>
	<bean id="lingotService" class="com.calevdeviseor.mvc.services.Impl.LingotServiceImpl">
     <property name="dao" ref="lingotDao" />
    </bean>
    
    <bean id="lingotinsDao" class="com.calevdeviseor.mvc.dao.Impl.LingotinsDaoImpl"/>
	<bean id="lingotinsService" class="com.calevdeviseor.mvc.services.Impl.LingotinsServiceImpl">
     <property name="dao" ref="lingotinsDao" />
    </bean>
    
     <bean id="particulierDao" class="com.calevdeviseor.mvc.dao.Impl.ParticulierDaoImpl"/>
	<bean id="particulierService" class="com.calevdeviseor.mvc.services.Impl.ParticulierServiceImpl">
     <property name="dao" ref="particulierDao" />
    </bean>
    
     <bean id="professionnelDao" class="com.calevdeviseor.mvc.dao.Impl.ProfessionnelDaoImpl"/>
	<bean id="professionnelService" class="com.calevdeviseor.mvc.services.Impl.ProfessionnelServiceImpl">
     <property name="dao" ref="professionnelDao" />
    </bean>
    
    <bean id="transactionsDao" class="com.calevdeviseor.mvc.dao.Impl.TransactionsDaoImpl"/>
	<bean id="transactionsService" class="com.calevdeviseor.mvc.services.Impl.TransactionsServiceImpl">
     <property name="dao" ref="transactionsDao" />
    </bean>
    
    <bean id="cotationDao" class="com.calevdeviseor.mvc.dao.Impl.CotationQuotidienneDaoImpl"/>
	<bean id="cotationService" class="com.calevdeviseor.mvc.services.Impl.CotationServiceImpl">
     <property name="dao" ref="cotationDao" />
    </bean>
    
    <bean id="achatDao" class="com.calevdeviseor.mvc.dao.Impl.AchatDaoImpl"/>
	<bean id="achatService" class="com.calevdeviseor.mvc.services.Impl.AchatServiceImpl">
     <property name="dao" ref="achatDao" />
    </bean>
    
    <bean id="devisesBilletsDao" class="com.calevdeviseor.mvc.dao.Impl.DevisesBilletsDaoImpl"/>
	<bean id="devisesBilletsService" class="com.calevdeviseor.mvc.services.Impl.DevisesBilletsServiceImpl">
     <property name="dao" ref="devisesBilletsDao" />
    </bean>
	
	</beans>