<?xml version="1.0" encoding="UTF-8"?>
<beans xmlns="http://www.springframework.org/schema/beans"
	xmlns:xsi="http://www.w3.org/2001/XMLSchema-instance" 
	xmlns:context="http://www.springframework.org/schema/context"
	xmlns:mvc="http://www.springframework.org/schema/mvc"
	xmlns:tx="http://www.springframework.org/schema/tx"
	xmlns:jdbc="http://www.springframework.org/schema/jdbc"
	xsi:schemaLocation="http://www.springframework.org/schema/beans	http://www.springframework.org/schema/beans/spring-beans.xsd
		http://www.springframework.org/schema/context http://www.springframework.org/schema/context/spring-context.xsd
		http://www.springframework.org/schema/mvc http://www.springframework.org/schema/mvc/spring-mvc.xsd
    	http://www.springframework.org/schema/tx http://www.springframework.org/schema/tx/spring-tx.xsd
    	http://www.springframework.org/schema/jdbc http://www.springframework.org/schema/jdbc/spring-jdbc.xsd">

 
	<bean id="dataSource" class="org.springframework.jdbc.datasource.DriverManagerDataSource">
        <property name="driverClassName" value="com.mysql.cj.jdbc.Driver" />
        <property name="url" value="jdbc:mysql://localhost:3306/dbCalevdeviseOr?useSSL=false&amp;createDatabaseIfNotExist=true&amp;serverTimezone=UTC"/>
        <property name="username" value="root" />
        <property name="password" value="mf287gP91" />
    </bean>
    
	<bean id="persistenceUnitManager" class="org.springframework.orm.jpa.persistenceunit.DefaultPersistenceUnitManager">
		<property name="persistenceXmlLocations">
			<list >
				<value>classpath*:META-INF/persistence.xml</value>
			</list>
		</property>
		<property name="defaultDataSource" ref="dataSource" />
	</bean>
	
	<bean id="entityManagerFactory" class="org.springframework.orm.jpa.LocalContainerEntityManagerFactoryBean">
		<property name="persistenceUnitManager" ref="persistenceUnitManager" />
		<property name="persistenceUnitName" value="projetCalevdeviseOr" />
	</bean>

	<bean id="transactionManager" class="org.springframework.orm.jpa.JpaTransactionManager">
		<property name="entityManagerFactory" ref="entityManagerFactory" />
	</bean>
	
	<tx:annotation-driven transaction-manager="transactionManager" />
	<context:annotation-config></context:annotation-config>
	
	<!-- Declarations des beans -->
	<import resource="classpath:config/beans_config.xml"/>
	
</beans>